timestamp,equity,drawdown
2025-01-19 20:00:00,1000000.0,0.0
2025-01-20 00:00:00,1000000.0,0.0
2025-01-20 04:00:00,1000000.0,0.0
2025-01-20 08:00:00,1000000.0,0.0
2025-01-20 12:00:00,969972.2479185939,-0.03002775208140607
2025-01-20 16:00:00,950000.0,-0.05
2025-01-20 20:00:00,950000.0,-0.05
2025-01-21 00:00:00,950000.0,-0.05
2025-01-21 04:00:00,950000.0,-0.05
2025-01-21 08:00:00,950000.0,-0.05
2025-01-21 12:00:00,950000.0,-0.05
2025-01-21 16:00:00,950000.0,-0.05
2025-01-21 20:00:00,950000.0,-0.05
2025-01-22 00:00:00,950000.0,-0.05
2025-01-22 04:00:00,950000.0,-0.05
2025-01-22 08:00:00,950000.0,-0.05
2025-01-22 12:00:00,950000.0,-0.05
2025-01-22 16:00:00,950000.0,-0.05
2025-01-22 20:00:00,950000.0,-0.05
2025-01-23 00:00:00,950000.0,-0.05
2025-01-23 04:00:00,950000.0,-0.05
2025-01-23 08:00:00,950000.0,-0.05
2025-01-23 12:00:00,950000.0,-0.05
2025-01-23 16:00:00,950000.0,-0.05
2025-01-23 20:00:00,950000.0,-0.05
2025-01-24 00:00:00,950000.0,-0.05
2025-01-24 04:00:00,950000.0,-0.05
2025-01-24 08:00:00,950000.0,-0.05
2025-01-24 12:00:00,950000.0,-0.05
2025-01-24 16:00:00,950000.0,-0.05
2025-01-24 20:00:00,950000.0,-0.05
2025-01-25 00:00:00,950000.0,-0.05
2025-01-25 04:00:00,950000.0,-0.05
2025-01-25 08:00:00,950000.0,-0.05
2025-01-25 12:00:00,950000.0,-0.05
2025-01-25 16:00:00,950000.0,-0.05
2025-01-25 20:00:00,950000.0,-0.05
2025-01-26 00:00:00,950000.0,-0.05
2025-01-26 04:00:00,950000.0,-0.05
2025-01-26 08:00:00,950000.0,-0.05
2025-01-26 12:00:00,950000.0,-0.05
2025-01-26 16:00:00,950000.0,-0.05
2025-01-26 20:00:00,950000.0,-0.05
2025-01-27 00:00:00,950000.0,-0.05
2025-01-27 04:00:00,950000.0,-0.05
2025-01-27 08:00:00,950000.0,-0.05
2025-01-27 12:00:00,950000.0,-0.05
2025-01-27 16:00:00,950000.0,-0.05
2025-01-27 20:00:00,950000.0,-0.05
2025-01-28 00:00:00,950000.0,-0.05
2025-01-28 04:00:00,950000.0,-0.05
2025-01-28 08:00:00,950000.0,-0.05
2025-01-28 12:00:00,950000.0,-0.05
2025-01-28 16:00:00,950000.0,-0.05
2025-01-28 20:00:00,950000.0,-0.05
2025-01-29 00:00:00,950000.0,-0.05
2025-01-29 04:00:00,950000.0,-0.05
2025-01-29 08:00:00,950000.0,-0.05
2025-01-29 12:00:00,950000.0,-0.05
2025-01-29 16:00:00,950000.0,-0.05
2025-01-29 20:00:00,950000.0,-0.05
2025-01-30 00:00:00,950000.0,-0.05
2025-01-30 04:00:00,950000.0,-0.05
2025-01-30 08:00:00,950000.0,-0.05
2025-01-30 12:00:00,950000.0,-0.05
2025-01-30 16:00:00,950000.0,-0.05
2025-01-30 20:00:00,950000.0,-0.05
2025-01-31 00:00:00,950000.0,-0.05
2025-01-31 04:00:00,950000.0,-0.05
2025-01-31 08:00:00,950000.0,-0.05
2025-01-31 12:00:00,950000.0,-0.05
2025-01-31 16:00:00,950000.0,-0.05
2025-01-31 20:00:00,950000.0,-0.05
2025-02-01 00:00:00,950000.0,-0.05
2025-02-01 04:00:00,950000.0,-0.05
2025-02-01 08:00:00,950000.0,-0.05
2025-02-01 12:00:00,950000.0,-0.05
2025-02-01 16:00:00,950000.0,-0.05
2025-02-01 20:00:00,950000.0,-0.05
2025-02-02 00:00:00,950000.0,-0.05
2025-02-02 04:00:00,950000.0,-0.05
2025-02-02 08:00:00,950000.0,-0.05
2025-02-02 12:00:00,950000.0,-0.05
2025-02-02 16:00:00,950000.0,-0.05
2025-02-02 20:00:00,950000.0,-0.05
2025-02-03 00:00:00,950000.0,-0.05
2025-02-03 04:00:00,950000.0,-0.05
2025-02-03 08:00:00,950000.0,-0.05
2025-02-03 12:00:00,950000.0,-0.05
2025-02-03 16:00:00,950000.0,-0.05
2025-02-03 20:00:00,950000.0,-0.05
2025-02-04 00:00:00,950000.0,-0.05
2025-02-04 04:00:00,950000.0,-0.05
2025-02-04 08:00:00,950000.0,-0.05
2025-02-04 12:00:00,950000.0,-0.05
2025-02-04 16:00:00,950000.0,-0.05
2025-02-04 20:00:00,950000.0,-0.05
2025-02-05 00:00:00,950000.0,-0.05
2025-02-05 04:00:00,950000.0,-0.05
2025-02-05 08:00:00,950000.0,-0.05
2025-02-05 12:00:00,950000.0,-0.05
2025-02-05 16:00:00,950000.0,-0.05
2025-02-05 20:00:00,950000.0,-0.05
2025-02-06 00:00:00,950000.0,-0.05
2025-02-06 04:00:00,950000.0,-0.05
2025-02-06 08:00:00,950000.0,-0.05
2025-02-06 12:00:00,950000.0,-0.05
2025-02-06 16:00:00,950000.0,-0.05
2025-02-06 20:00:00,950000.0,-0.05
2025-02-07 00:00:00,950000.0,-0.05
2025-02-07 04:00:00,950000.0,-0.05
2025-02-07 08:00:00,950000.0,-0.05
2025-02-07 12:00:00,950000.0,-0.05
2025-02-07 16:00:00,950000.0,-0.05
2025-02-07 20:00:00,950000.0,-0.05
2025-02-08 00:00:00,950000.0,-0.05
2025-02-08 04:00:00,950000.0,-0.05
2025-02-08 08:00:00,950000.0,-0.05
2025-02-08 12:00:00,950000.0,-0.05
2025-02-08 16:00:00,950000.0,-0.05
2025-02-08 20:00:00,950000.0,-0.05
2025-02-09 00:00:00,950000.0,-0.05
2025-02-09 04:00:00,950000.0,-0.05
2025-02-09 08:00:00,950000.0,-0.05
2025-02-09 12:00:00,950000.0,-0.05
2025-02-09 16:00:00,950000.0,-0.05
2025-02-09 20:00:00,950000.0,-0.05
2025-02-10 00:00:00,950000.0,-0.05
2025-02-10 04:00:00,950000.0,-0.05
2025-02-10 08:00:00,950000.0,-0.05
2025-02-10 12:00:00,950000.0,-0.05
2025-02-10 16:00:00,950000.0,-0.05
2025-02-10 20:00:00,950000.0,-0.05
2025-02-11 00:00:00,950000.0,-0.05
2025-02-11 04:00:00,950000.0,-0.05
2025-02-11 08:00:00,950000.0,-0.05
2025-02-11 12:00:00,950000.0,-0.05
2025-02-11 16:00:00,950000.0,-0.05
2025-02-11 20:00:00,950000.0,-0.05
2025-02-12 00:00:00,950000.0,-0.05
2025-02-12 04:00:00,950000.0,-0.05
2025-02-12 08:00:00,950000.0,-0.05
2025-02-12 12:00:00,950000.0,-0.05
2025-02-12 16:00:00,950000.0,-0.05
2025-02-12 20:00:00,950000.0,-0.05
2025-02-13 00:00:00,950000.0,-0.05
2025-02-13 04:00:00,950000.0,-0.05
2025-02-13 08:00:00,950000.0,-0.05
2025-02-13 12:00:00,950000.0,-0.05
2025-02-13 16:00:00,950000.0,-0.05
2025-02-13 20:00:00,950000.0,-0.05
2025-02-14 00:00:00,950000.0,-0.05
2025-02-14 04:00:00,950000.0,-0.05
2025-02-14 08:00:00,950000.0,-0.05
2025-02-14 12:00:00,950000.0,-0.05
2025-02-14 16:00:00,950000.0,-0.05
2025-02-14 20:00:00,950000.0,-0.05
2025-02-15 00:00:00,950000.0,-0.05
2025-02-15 04:00:00,950000.0,-0.05
2025-02-15 08:00:00,950000.0,-0.05
2025-02-15 12:00:00,950000.0,-0.05
2025-02-15 16:00:00,950000.0,-0.05
2025-02-15 20:00:00,950000.0,-0.05
2025-02-16 00:00:00,950000.0,-0.05
2025-02-16 04:00:00,950000.0,-0.05
2025-02-16 08:00:00,950000.0,-0.05
2025-02-16 12:00:00,950000.0,-0.05
2025-02-16 16:00:00,950000.0,-0.05
2025-02-16 20:00:00,950000.0,-0.05
2025-02-17 00:00:00,950000.0,-0.05
2025-02-17 04:00:00,950000.0,-0.05
2025-02-17 08:00:00,950000.0,-0.05
2025-02-17 12:00:00,950000.0,-0.05
2025-02-17 16:00:00,950000.0,-0.05
2025-02-17 20:00:00,950000.0,-0.05
2025-02-18 00:00:00,950000.0,-0.05
2025-02-18 04:00:00,950000.0,-0.05
2025-02-18 08:00:00,950000.0,-0.05
2025-02-18 12:00:00,950000.0,-0.05
2025-02-18 16:00:00,950000.0,-0.05
2025-02-18 20:00:00,950000.0,-0.05
2025-02-19 00:00:00,950000.0,-0.05
2025-02-19 04:00:00,950000.0,-0.05
2025-02-19 08:00:00,950000.0,-0.05
2025-02-19 12:00:00,950000.0,-0.05
2025-02-19 16:00:00,950000.0,-0.05
2025-02-19 20:00:00,950000.0,-0.05
2025-02-20 00:00:00,950000.0,-0.05
2025-02-20 04:00:00,950000.0,-0.05
2025-02-20 08:00:00,950000.0,-0.05
2025-02-20 12:00:00,950000.0,-0.05
2025-02-20 16:00:00,950000.0,-0.05
2025-02-20 20:00:00,949422.656147579,-0.05057734385242103
2025-02-21 00:00:00,947961.9182734768,-0.05203808172652323
2025-02-21 04:00:00,948077.7732271398,-0.05192222677286016
2025-02-21 08:00:00,952379.8538398294,-0.04762014616017055
2025-02-21 12:00:00,947114.2461958417,-0.0528857538041583
2025-02-21 16:00:00,919534.0090183936,-0.08046599098160642
2025-02-21 20:00:00,927800.2599622557,-0.07219974003774428
2025-02-22 00:00:00,928983.9114055138,-0.07101608859448624
2025-02-22 04:00:00,930292.1069239596,-0.06970789307604043
2025-02-22 08:00:00,932633.3424459015,-0.06736665755409853
2025-02-22 12:00:00,933263.786485418,-0.06673621351458202
2025-02-22 16:00:00,932903.6706711153,-0.06709632932888472
2025-02-22 20:00:00,932633.3424459015,-0.06736665755409853
2025-02-23 00:00:00,931367.627077132,-0.068632372922868
2025-02-23 04:00:00,932324.3959027998,-0.0676756040972002
2025-02-23 08:00:00,928101.4828417797,-0.0718985171582203
2025-02-23 12:00:00,921365.4827442177,-0.07863451725578227
2025-02-23 16:00:00,924333.3004738874,-0.07566669952611264
2025-02-23 20:00:00,929768.8287165812,-0.07023117128341878
2025-02-24 00:00:00,921333.6226319603,-0.07866637736803968
2025-02-24 04:00:00,925456.1280664724,-0.07454387193352764
2025-02-24 08:00:00,925057.3939342818,-0.07494260606571822
2025-02-24 12:00:00,910894.1258489678,-0.08910587415103219
2025-02-24 16:00:00,906798.6532369773,-0.0932013467630227
2025-02-24 20:00:00,902500.9171850497,-0.09749908281495026
2025-02-25 00:00:00,902500.9171850497,-0.09749908281495026
2025-02-25 04:00:00,902500.9171850497,-0.09749908281495026
2025-02-25 08:00:00,902500.9171850497,-0.09749908281495026
2025-02-25 12:00:00,902500.9171850497,-0.09749908281495026
2025-02-25 16:00:00,902500.9171850497,-0.09749908281495026
2025-02-25 20:00:00,902500.9171850497,-0.09749908281495026
2025-02-26 00:00:00,902500.9171850497,-0.09749908281495026
2025-02-26 04:00:00,902500.9171850497,-0.09749908281495026
2025-02-26 08:00:00,902500.9171850497,-0.09749908281495026
2025-02-26 12:00:00,902500.9171850497,-0.09749908281495026
2025-02-26 16:00:00,902500.9171850497,-0.09749908281495026
2025-02-26 20:00:00,902500.9171850497,-0.09749908281495026
2025-02-27 00:00:00,902500.9171850497,-0.09749908281495026
2025-02-27 04:00:00,902500.9171850497,-0.09749908281495026
2025-02-27 08:00:00,902500.9171850497,-0.09749908281495026
2025-02-27 12:00:00,902500.9171850497,-0.09749908281495026
2025-02-27 16:00:00,902500.9171850497,-0.09749908281495026
2025-02-27 20:00:00,902500.9171850497,-0.09749908281495026
2025-02-28 00:00:00,902500.9171850497,-0.09749908281495026
2025-02-28 04:00:00,902500.9171850497,-0.09749908281495026
2025-02-28 08:00:00,902500.9171850497,-0.09749908281495026
2025-02-28 12:00:00,902500.9171850497,-0.09749908281495026
2025-02-28 16:00:00,902500.9171850497,-0.09749908281495026
2025-02-28 20:00:00,902500.9171850497,-0.09749908281495026
2025-03-01 00:00:00,902500.9171850497,-0.09749908281495026
2025-03-01 04:00:00,902500.9171850497,-0.09749908281495026
2025-03-01 08:00:00,902500.9171850497,-0.09749908281495026
2025-03-01 12:00:00,902500.9171850497,-0.09749908281495026
2025-03-01 16:00:00,902500.9171850497,-0.09749908281495026
2025-03-01 20:00:00,902500.9171850497,-0.09749908281495026
2025-03-02 00:00:00,902500.9171850497,-0.09749908281495026
2025-03-02 04:00:00,902500.9171850497,-0.09749908281495026
2025-03-02 08:00:00,902500.9171850497,-0.09749908281495026
2025-03-02 12:00:00,902500.9171850497,-0.09749908281495026
2025-03-02 16:00:00,902500.9171850497,-0.09749908281495026
2025-03-02 20:00:00,909805.6087673468,-0.09019439123265317
2025-03-03 00:00:00,894247.6771449721,-0.10575232285502786
2025-03-03 04:00:00,891134.7398867833,-0.1088652601132167
2025-03-03 08:00:00,894313.293925368,-0.105686706074632
2025-03-03 12:00:00,868203.605043757,-0.13179639495624298
2025-03-03 16:00:00,857374.9546207769,-0.14262504537922308
2025-03-03 20:00:00,857374.9546207769,-0.14262504537922308
2025-03-04 00:00:00,857374.9546207769,-0.14262504537922308
2025-03-04 04:00:00,857374.9546207769,-0.14262504537922308
2025-03-04 08:00:00,857374.9546207769,-0.14262504537922308
2025-03-04 12:00:00,857374.9546207769,-0.14262504537922308
2025-03-04 16:00:00,857374.9546207769,-0.14262504537922308
2025-03-04 20:00:00,857374.9546207769,-0.14262504537922308
2025-03-05 00:00:00,857374.9546207769,-0.14262504537922308
2025-03-05 04:00:00,857374.9546207769,-0.14262504537922308
2025-03-05 08:00:00,857374.9546207769,-0.14262504537922308
2025-03-05 12:00:00,857374.9546207769,-0.14262504537922308
2025-03-05 16:00:00,857374.9546207769,-0.14262504537922308
2025-03-05 20:00:00,857374.9546207769,-0.14262504537922308
2025-03-06 00:00:00,857374.9546207769,-0.14262504537922308
2025-03-06 04:00:00,857374.9546207769,-0.14262504537922308
2025-03-06 08:00:00,857374.9546207769,-0.14262504537922308
2025-03-06 12:00:00,857374.9546207769,-0.14262504537922308
2025-03-06 16:00:00,857374.9546207769,-0.14262504537922308
2025-03-06 20:00:00,857374.9546207769,-0.14262504537922308
2025-03-07 00:00:00,857374.9546207769,-0.14262504537922308
2025-03-07 04:00:00,857374.9546207769,-0.14262504537922308
2025-03-07 08:00:00,857374.9546207769,-0.14262504537922308
2025-03-07 12:00:00,857374.9546207769,-0.14262504537922308
2025-03-07 16:00:00,857374.9546207769,-0.14262504537922308
2025-03-07 20:00:00,857374.9546207769,-0.14262504537922308
2025-03-08 00:00:00,857374.9546207769,-0.14262504537922308
2025-03-08 04:00:00,857374.9546207769,-0.14262504537922308
2025-03-08 08:00:00,857374.9546207769,-0.14262504537922308
2025-03-08 12:00:00,857374.9546207769,-0.14262504537922308
2025-03-08 16:00:00,857374.9546207769,-0.14262504537922308
2025-03-08 20:00:00,857374.9546207769,-0.14262504537922308
2025-03-09 00:00:00,857374.9546207769,-0.14262504537922308
2025-03-09 04:00:00,857374.9546207769,-0.14262504537922308
2025-03-09 08:00:00,857374.9546207769,-0.14262504537922308
2025-03-09 12:00:00,857374.9546207769,-0.14262504537922308
2025-03-09 16:00:00,857374.9546207769,-0.14262504537922308
2025-03-09 20:00:00,857374.9546207769,-0.14262504537922308
2025-03-10 00:00:00,857374.9546207769,-0.14262504537922308
2025-03-10 04:00:00,857374.9546207769,-0.14262504537922308
2025-03-10 08:00:00,857374.9546207769,-0.14262504537922308
2025-03-10 12:00:00,857374.9546207769,-0.14262504537922308
2025-03-10 16:00:00,857374.9546207769,-0.14262504537922308
2025-03-10 20:00:00,857374.9546207769,-0.14262504537922308
2025-03-11 00:00:00,857374.9546207769,-0.14262504537922308
2025-03-11 04:00:00,857374.9546207769,-0.14262504537922308
2025-03-11 08:00:00,857374.9546207769,-0.14262504537922308
2025-03-11 12:00:00,857374.9546207769,-0.14262504537922308
2025-03-11 16:00:00,857374.9546207769,-0.14262504537922308
2025-03-11 20:00:00,857374.9546207769,-0.14262504537922308
2025-03-12 00:00:00,857374.9546207769,-0.14262504537922308
2025-03-12 04:00:00,857374.9546207769,-0.14262504537922308
2025-03-12 08:00:00,857374.9546207769,-0.14262504537922308
2025-03-12 12:00:00,857374.9546207769,-0.14262504537922308
2025-03-12 16:00:00,857374.9546207769,-0.14262504537922308
2025-03-12 20:00:00,857374.9546207769,-0.14262504537922308
2025-03-13 00:00:00,857374.9546207769,-0.14262504537922308
2025-03-13 04:00:00,857374.9546207769,-0.14262504537922308
2025-03-13 08:00:00,857374.9546207769,-0.14262504537922308
2025-03-13 12:00:00,857374.9546207769,-0.14262504537922308
2025-03-13 16:00:00,857374.9546207769,-0.14262504537922308
2025-03-13 20:00:00,857374.9546207769,-0.14262504537922308
2025-03-14 00:00:00,857374.9546207769,-0.14262504537922308
2025-03-14 04:00:00,857374.9546207769,-0.14262504537922308
2025-03-14 08:00:00,857374.9546207769,-0.14262504537922308
2025-03-14 12:00:00,857374.9546207769,-0.14262504537922308
2025-03-14 16:00:00,857374.9546207769,-0.14262504537922308
2025-03-14 20:00:00,857374.9546207769,-0.14262504537922308
2025-03-15 00:00:00,857374.9546207769,-0.14262504537922308
2025-03-15 04:00:00,857374.9546207769,-0.14262504537922308
2025-03-15 08:00:00,857374.9546207769,-0.14262504537922308
2025-03-15 12:00:00,857374.9546207769,-0.14262504537922308
2025-03-15 16:00:00,857374.9546207769,-0.14262504537922308
2025-03-15 20:00:00,857374.9546207769,-0.14262504537922308
2025-03-16 00:00:00,857374.9546207769,-0.14262504537922308
2025-03-16 04:00:00,857374.9546207769,-0.14262504537922308
2025-03-16 08:00:00,857374.9546207769,-0.14262504537922308
2025-03-16 12:00:00,857374.9546207769,-0.14262504537922308
2025-03-16 16:00:00,857374.9546207769,-0.14262504537922308
2025-03-16 20:00:00,857374.9546207769,-0.14262504537922308
2025-03-17 00:00:00,857374.9546207769,-0.14262504537922308
2025-03-17 04:00:00,857374.9546207769,-0.14262504537922308
2025-03-17 08:00:00,857374.9546207769,-0.14262504537922308
2025-03-17 12:00:00,857374.9546207769,-0.14262504537922308
2025-03-17 16:00:00,857374.9546207769,-0.14262504537922308
2025-03-17 20:00:00,857374.9546207769,-0.14262504537922308
2025-03-18 00:00:00,857374.9546207769,-0.14262504537922308
2025-03-18 04:00:00,857374.9546207769,-0.14262504537922308
2025-03-18 08:00:00,857374.9546207769,-0.14262504537922308
2025-03-18 12:00:00,857374.9546207769,-0.14262504537922308
2025-03-18 16:00:00,857374.9546207769,-0.14262504537922308
2025-03-18 20:00:00,857374.9546207769,-0.14262504537922308
2025-03-19 00:00:00,857374.9546207769,-0.14262504537922308
2025-03-19 04:00:00,857374.9546207769,-0.14262504537922308
2025-03-19 08:00:00,857374.9546207769,-0.14262504537922308
2025-03-19 12:00:00,857374.9546207769,-0.14262504537922308
2025-03-19 16:00:00,857374.9546207769,-0.14262504537922308
2025-03-19 20:00:00,871769.0604479583,-0.1282309395520417
2025-03-20 00:00:00,861942.5370345329,-0.13805746296546714
2025-03-20 04:00:00,861470.9281297734,-0.13852907187022664
2025-03-20 08:00:00,857780.3375942298,-0.14221966240577016
2025-03-20 12:00:00,849665.6541627614,-0.1503343458372386
2025-03-20 16:00:00,844286.3023788981,-0.15571369762110188
2025-03-20 20:00:00,844667.6031955122,-0.1553323968044878
2025-03-21 00:00:00,847071.805186584,-0.152928194813416
2025-03-21 04:00:00,841568.0289257204,-0.15843197107427964
2025-03-21 08:00:00,843113.300656209,-0.156886699343791
2025-03-21 12:00:00,838363.095219759,-0.16163690478024095
2025-03-21 16:00:00,842399.8667598601,-0.15760013324013994
2025-03-21 20:00:00,843219.6635155804,-0.15678033648441964
2025-03-22 00:00:00,845087.0340937875,-0.15491296590621245
2025-03-22 04:00:00,844985.6883504245,-0.1550143116495755
2025-03-22 08:00:00,844939.5308831501,-0.15506046911684995
2025-03-22 12:00:00,843878.912559042,-0.156121087440958
2025-03-22 16:00:00,844656.5655402944,-0.1553434344597056
2025-03-22 20:00:00,840868.6429541941,-0.1591313570458059
2025-03-23 00:00:00,845001.7431216502,-0.1549982568783498
2025-03-23 04:00:00,845633.8997386683,-0.15436610026133166
2025-03-23 08:00:00,849490.0551024786,-0.1505099448975214
2025-03-23 12:00:00,854690.7975564542,-0.1453092024435458
2025-03-23 16:00:00,852909.7213735859,-0.14709027862641413
2025-03-23 20:00:00,863711.5721389819,-0.1362884278610181
2025-03-24 00:00:00,868201.8909662134,-0.13179810903378658
2025-03-24 04:00:00,872162.4023429917,-0.12783759765700833
2025-03-24 08:00:00,879921.8739610881,-0.12007812603891187
2025-03-24 12:00:00,886458.1726964146,-0.11354182730358536
2025-03-24 16:00:00,886167.1799679459,-0.1138328200320541
2025-03-24 20:00:00,878048.4828436711,-0.12195151715632889
2025-03-25 00:00:00,868272.1305903266,-0.13172786940967338
2025-03-25 04:00:00,867242.6183854685,-0.13275738161453152
2025-03-25 08:00:00,876992.8816355711,-0.12300711836442887
2025-03-25 12:00:00,881111.9338782048,-0.11888806612179521
2025-03-25 16:00:00,884135.2479846736,-0.11586475201532641
2025-03-25 20:00:00,877574.8670925084,-0.12242513290749164
2025-03-26 00:00:00,874492.351017144,-0.12550764898285596
2025-03-26 04:00:00,884995.1816684586,-0.11500481833154137
2025-03-26 08:00:00,883024.4585004847,-0.11697554149951529
2025-03-26 12:00:00,870469.6274018656,-0.12953037259813444
2025-03-26 16:00:00,868420.6372241657,-0.1315793627758343
2025-03-26 20:00:00,871964.7279722734,-0.12803527202772663
2025-03-27 00:00:00,879701.1208567326,-0.12029887914326741
2025-03-27 04:00:00,877104.2616109505,-0.12289573838904955
2025-03-27 08:00:00,872555.7442380252,-0.12744425576197485
2025-03-27 12:00:00,872505.5730779443,-0.12749442692205565
2025-03-27 16:00:00,873113.6475381237,-0.12688635246187635
2025-03-27 20:00:00,875084.3707060975,-0.12491562929390254
2025-03-28 00:00:00,870662.2846565758,-0.12933771534342423
2025-03-28 04:00:00,854741.9721397368,-0.14525802786026323
2025-03-28 08:00:00,855138.324304375,-0.14486167569562503
2025-03-28 12:00:00,842981.8522167974,-0.15701814778320258
2025-03-28 16:00:00,840293.6814596681,-0.1597063185403319
2025-03-28 20:00:00,846627.2887082681,-0.1533727112917319
2025-03-29 00:00:00,844379.6207366483,-0.15562037926335168
2025-03-29 04:00:00,839513.0182088108,-0.16048698179118917
2025-03-29 08:00:00,825288.4909027027,-0.17471150909729732
2025-03-29 12:00:00,826607.9924128278,-0.17339200758717221
2025-03-29 16:00:00,829780.8165763374,-0.17021918342366255
2025-03-29 20:00:00,828966.0369366253,-0.17103396306337473
2025-03-30 00:00:00,833455.3523406552,-0.16654464765934482
2025-03-30 04:00:00,833447.3249550422,-0.16655267504495777
2025-03-30 08:00:00,833609.8795137041,-0.1663901204862959
2025-03-30 12:00:00,830073.8161512093,-0.1699261838487907
2025-03-30 16:00:00,828110.1169456468,-0.17188988305435318
2025-03-30 20:00:00,826072.1644231647,-0.17392783557683533
2025-03-31 00:00:00,817876.2037123655,-0.18212379628763453
2025-03-31 04:00:00,821179.4728920853,-0.17882052710791468
2025-03-31 08:00:00,824508.8310750471,-0.17549116892495287
2025-03-31 12:00:00,836854.9501477302,-0.16314504985226982
2025-03-31 16:00:00,826764.5264322797,-0.17323547356772026
2025-03-31 20:00:00,828054.9286695579,-0.1719450713304421
2025-04-01 00:00:00,832189.0322602158,-0.16781096773978416
2025-04-01 04:00:00,837607.5175489421,-0.1623924824510579
2025-04-01 08:00:00,841943.3092031248,-0.15805669079687515
2025-04-01 12:00:00,855579.830513086,-0.14442016948691394
2025-04-01 16:00:00,852507.3486697378,-0.14749265133026218
2025-04-01 20:00:00,854927.6054320356,-0.14507239456796436
2025-04-02 00:00:00,848394.316966314,-0.15160568303368602
2025-04-02 04:00:00,847351.760259835,-0.15264823974016495
2025-04-02 08:00:00,848279.9267213298,-0.1517200732786702
2025-04-02 12:00:00,870103.3779332758,-0.12989662206672423
2025-04-02 16:00:00,872376.131484936,-0.12762386851506402
2025-04-02 20:00:00,827905.4186125172,-0.17209458138748282
2025-04-03 00:00:00,837666.7195178374,-0.1623332804821626
2025-04-03 04:00:00,837546.3087336435,-0.1624536912663565
2025-04-03 08:00:00,833238.6129291062,-0.16676138707089377
2025-04-03 12:00:00,823068.9187807282,-0.17693108121927176
2025-04-03 16:00:00,821985.2217229829,-0.17801477827701706
2025-04-03 20:00:00,834174.8067762138,-0.1658251932237862
2025-04-04 00:00:00,830716.0070002435,-0.16928399299975647
2025-04-04 04:00:00,842643.6985978527,-0.15735630140214726
2025-04-04 08:00:00,829389.4815277072,-0.1706105184722928
2025-04-04 12:00:00,831556.8756431978,-0.1684431243568022
2025-04-04 16:00:00,842394.849643852,-0.15760515035614803
2025-04-04 20:00:00,841278.0396204534,-0.1587219603795466
2025-04-05 00:00:00,839143.7584706163,-0.1608562415293837
2025-04-05 04:00:00,837581.4285457,-0.16241857145429997
2025-04-05 08:00:00,837257.3228515782,-0.16274267714842175
2025-04-05 12:00:00,828702.1366346002,-0.17129786336539976
2025-04-05 16:00:00,831093.2941240512,-0.16890670587594878
2025-04-05 20:00:00,837947.6780142899,-0.16205232198571007
2025-04-06 00:00:00,835945.848727066,-0.16405415127293405
2025-04-06 04:00:00,832762.9903315401,-0.1672370096684599
2025-04-06 08:00:00,830786.2466243566,-0.1692137533756434
2025-04-06 12:00:00,828397.0959813091,-0.17160290401869094
2025-04-06 16:00:00,814506.2068897381,-0.1854937931102619
2025-04-06 20:00:00,814506.2068897381,-0.1854937931102619
2025-04-07 00:00:00,814506.2068897381,-0.1854937931102619
2025-04-07 04:00:00,814506.2068897381,-0.1854937931102619
2025-04-07 08:00:00,814506.2068897381,-0.1854937931102619
2025-04-07 12:00:00,814506.2068897381,-0.1854937931102619
2025-04-07 16:00:00,814506.2068897381,-0.1854937931102619
2025-04-07 20:00:00,814506.2068897381,-0.1854937931102619
2025-04-08 00:00:00,814506.2068897381,-0.1854937931102619
2025-04-08 04:00:00,814506.2068897381,-0.1854937931102619
2025-04-08 08:00:00,814506.2068897381,-0.1854937931102619
2025-04-08 12:00:00,814506.2068897381,-0.1854937931102619
2025-04-08 16:00:00,814506.2068897381,-0.1854937931102619
2025-04-08 20:00:00,814506.2068897381,-0.1854937931102619
2025-04-09 00:00:00,814506.2068897381,-0.1854937931102619
2025-04-09 04:00:00,814506.2068897381,-0.1854937931102619
2025-04-09 08:00:00,814506.2068897381,-0.1854937931102619
2025-04-09 12:00:00,814506.2068897381,-0.1854937931102619
2025-04-09 16:00:00,814506.2068897381,-0.1854937931102619
2025-04-09 20:00:00,814506.2068897381,-0.1854937931102619
2025-04-10 00:00:00,814506.2068897381,-0.1854937931102619
2025-04-10 04:00:00,814506.2068897381,-0.1854937931102619
2025-04-10 08:00:00,814506.2068897381,-0.1854937931102619
2025-04-10 12:00:00,814506.2068897381,-0.1854937931102619
2025-04-10 16:00:00,814506.2068897381,-0.1854937931102619
2025-04-10 20:00:00,814506.2068897381,-0.1854937931102619
2025-04-11 00:00:00,814506.2068897381,-0.1854937931102619
2025-04-11 04:00:00,814506.2068897381,-0.1854937931102619
2025-04-11 08:00:00,814506.2068897381,-0.1854937931102619
2025-04-11 12:00:00,814506.2068897381,-0.1854937931102619
2025-04-11 16:00:00,814506.2068897381,-0.1854937931102619
2025-04-11 20:00:00,814506.2068897381,-0.1854937931102619
2025-04-12 00:00:00,814506.2068897381,-0.1854937931102619
2025-04-12 04:00:00,814506.2068897381,-0.1854937931102619
2025-04-12 08:00:00,814506.2068897381,-0.1854937931102619
2025-04-12 12:00:00,814506.2068897381,-0.1854937931102619
2025-04-12 16:00:00,814506.2068897381,-0.1854937931102619
2025-04-12 20:00:00,814506.2068897381,-0.1854937931102619
2025-04-13 00:00:00,814506.2068897381,-0.1854937931102619
2025-04-13 04:00:00,814506.2068897381,-0.1854937931102619
2025-04-13 08:00:00,814506.2068897381,-0.1854937931102619
2025-04-13 12:00:00,814506.2068897381,-0.1854937931102619
2025-04-13 16:00:00,814506.2068897381,-0.1854937931102619
2025-04-13 20:00:00,814506.2068897381,-0.1854937931102619
2025-04-14 00:00:00,814506.2068897381,-0.1854937931102619
2025-04-14 04:00:00,814506.2068897381,-0.1854937931102619
2025-04-14 08:00:00,814506.2068897381,-0.1854937931102619
2025-04-14 12:00:00,814506.2068897381,-0.1854937931102619
2025-04-14 16:00:00,814506.2068897381,-0.1854937931102619
2025-04-14 20:00:00,814506.2068897381,-0.1854937931102619
2025-04-15 00:00:00,814506.2068897381,-0.1854937931102619
2025-04-15 04:00:00,814506.2068897381,-0.1854937931102619
2025-04-15 08:00:00,814506.2068897381,-0.1854937931102619
2025-04-15 12:00:00,814506.2068897381,-0.1854937931102619
2025-04-15 16:00:00,814506.2068897381,-0.1854937931102619
2025-04-15 20:00:00,814506.2068897381,-0.1854937931102619
2025-04-16 00:00:00,814506.2068897381,-0.1854937931102619
2025-04-16 04:00:00,814506.2068897381,-0.1854937931102619
2025-04-16 08:00:00,814506.2068897381,-0.1854937931102619
2025-04-16 12:00:00,814506.2068897381,-0.1854937931102619
2025-04-16 16:00:00,814506.2068897381,-0.1854937931102619
2025-04-16 20:00:00,814506.2068897381,-0.1854937931102619
2025-04-17 00:00:00,814506.2068897381,-0.1854937931102619
2025-04-17 04:00:00,814506.2068897381,-0.1854937931102619
2025-04-17 08:00:00,814506.2068897381,-0.1854937931102619
2025-04-17 12:00:00,814506.2068897381,-0.1854937931102619
2025-04-17 16:00:00,814506.2068897381,-0.1854937931102619
2025-04-17 20:00:00,814506.2068897381,-0.1854937931102619
2025-04-18 00:00:00,814506.2068897381,-0.1854937931102619
2025-04-18 04:00:00,814506.2068897381,-0.1854937931102619
2025-04-18 08:00:00,814506.2068897381,-0.1854937931102619
2025-04-18 12:00:00,814506.2068897381,-0.1854937931102619
2025-04-18 16:00:00,814506.2068897381,-0.1854937931102619
2025-04-18 20:00:00,814506.2068897381,-0.1854937931102619
2025-04-19 00:00:00,814506.2068897381,-0.1854937931102619
2025-04-19 04:00:00,814506.2068897381,-0.1854937931102619
2025-04-19 08:00:00,814506.2068897381,-0.1854937931102619
2025-04-19 12:00:00,814506.2068897381,-0.1854937931102619
2025-04-19 16:00:00,814506.2068897381,-0.1854937931102619
2025-04-19 20:00:00,814506.2068897381,-0.1854937931102619
2025-04-20 00:00:00,814506.2068897381,-0.1854937931102619
2025-04-20 04:00:00,814506.2068897381,-0.1854937931102619
2025-04-20 08:00:00,814506.2068897381,-0.1854937931102619
2025-04-20 12:00:00,814506.2068897381,-0.1854937931102619
2025-04-20 16:00:00,814506.2068897381,-0.1854937931102619
2025-04-20 20:00:00,814506.2068897381,-0.1854937931102619
2025-04-21 00:00:00,814506.2068897381,-0.1854937931102619
2025-04-21 04:00:00,816926.0946986456,-0.18307390530135437
2025-04-21 08:00:00,812617.9469430966,-0.18738205305690342
2025-04-21 12:00:00,822920.6893634914,-0.17707931063650864
2025-04-21 16:00:00,817036.3444134917,-0.18296365558650834
2025-04-21 20:00:00,817535.2710891507,-0.1824647289108493
2025-04-22 00:00:00,823646.6557061636,-0.1763533442938364
2025-04-22 04:00:00,826403.8328969305,-0.1735961671030695
2025-04-22 08:00:00,828293.9614828068,-0.17170603851719318
2025-04-22 12:00:00,850052.3967313927,-0.1499476032686073
2025-04-22 16:00:00,855437.8150057335,-0.14456218499426648
2025-04-22 20:00:00,873327.2327189195,-0.12667276728108048
2025-04-23 00:00:00,870671.8963664427,-0.12932810363355732
2025-04-23 04:00:00,879533.9179369011,-0.1204660820630989
2025-04-23 08:00:00,873444.9569907042,-0.12655504300929582
2025-04-23 12:00:00,870926.9656219762,-0.1290730343780238
2025-04-23 16:00:00,874401.7002788591,-0.1255982997211409
2025-04-23 20:00:00,875242.587934464,-0.12475741206553602
2025-04-24 00:00:00,866302.0835161491,-0.1336979164838509
2025-04-24 04:00:00,861621.1422332817,-0.13837885776671827
2025-04-24 08:00:00,865476.1449744215,-0.1345238550255785
2025-04-24 12:00:00,871409.0745445229,-0.1285909254554771
2025-04-24 16:00:00,874685.73344253,-0.12531426655746997
2025-04-24 20:00:00,878259.5059788509,-0.12174049402114911
2025-04-25 00:00:00,871918.2787359725,-0.12808172126402753
2025-04-25 04:00:00,876503.9194178714,-0.1234960805821286
2025-04-25 08:00:00,883819.6420216342,-0.11618035797836584
2025-04-25 12:00:00,889121.9058500318,-0.11087809414996824
2025-04-25 16:00:00,891083.0427268259,-0.10891695727317408
2025-04-25 20:00:00,884960.4462744049,-0.11503955372559511
2025-04-26 00:00:00,885753.6836295255,-0.11424631637047453
2025-04-26 04:00:00,884623.1568925455,-0.11537684310745448
2025-04-26 08:00:00,879830.0972555975,-0.12016990274440252
2025-04-26 12:00:00,882132.2607927202,-0.11786773920727975
2025-04-26 16:00:00,881388.5423773186,-0.1186114576226814
2025-04-26 20:00:00,884459.6509595112,-0.11554034904048884
2025-04-27 00:00:00,879759.0889646796,-0.12024091103532038
2025-04-27 04:00:00,879235.8699789699,-0.12076413002103008
2025-04-27 08:00:00,878024.9917548989,-0.12197500824510109
2025-04-27 12:00:00,877813.8355213803,-0.1221861644786197
2025-04-27 16:00:00,882357.4318204989,-0.1176425681795011
2025-04-27 20:00:00,876550.6353987383,-0.12344936460126169
2025-04-28 00:00:00,877355.084589267,-0.12264491541073297
2025-04-28 04:00:00,884874.4888696095,-0.11512551113039046
2025-04-28 08:00:00,890424.347396602,-0.10957565260339797
2025-04-28 12:00:00,876916.8886887351,-0.12308311131126491
2025-04-28 16:00:00,885797.5966515404,-0.11420240334845963
2025-04-28 20:00:00,887585.8843991269,-0.11241411560087314
2025-04-29 00:00:00,884658.6610380044,-0.11534133896199555
2025-04-29 04:00:00,887510.2045101224,-0.11248979548987757
2025-04-29 08:00:00,889097.613539981,-0.11090238646001904
2025-04-29 12:00:00,886335.7647511276,-0.11366423524887243
2025-04-29 16:00:00,890845.7255440219,-0.10915427445597807
2025-04-29 20:00:00,880779.3659868138,-0.11922063401318621
2025-04-30 00:00:00,888023.1459800414,-0.11197685401995865
2025-04-30 04:00:00,884202.7130647431,-0.11579728693525691
2025-04-30 08:00:00,889418.0851687281,-0.11058191483127186
2025-04-30 12:00:00,878448.2385415535,-0.12155176145844651
2025-04-30 16:00:00,880030.9759733253,-0.11996902402667468
2025-04-30 20:00:00,880179.5327924822,-0.11982046720751782
2025-05-01 00:00:00,885547.1989940936,-0.11445280100590642
2025-05-01 04:00:00,887964.2838441491,-0.11203571615585091
2025-05-01 08:00:00,898904.232243569,-0.10109576775643102
2025-05-01 12:00:00,905578.07727022,-0.09442192272977996
2025-05-01 16:00:00,902179.0225023415,-0.09782097749765846
2025-05-01 20:00:00,901337.2005271192,-0.09866279947288079
2025-05-02 00:00:00,908000.7680379796,-0.0919992319620204
2025-05-02 04:00:00,900855.0916045725,-0.09914490839542751
2025-05-02 08:00:00,906014.4045315173,-0.0939855954684827
2025-05-02 12:00:00,910205.7623348992,-0.08979423766510083
2025-05-02 16:00:00,906351.6939133767,-0.09364830608662335
2025-05-02 20:00:00,905549.1133620825,-0.09445088663791748
2025-05-03 00:00:00,901007.3857021987,-0.09899261429780128
2025-05-03 04:00:00,900514.999263861,-0.09948500073613901
2025-05-03 08:00:00,896385.3065552235,-0.10361469344477646
2025-05-03 12:00:00,901102.6863031673,-0.09889731369683274
2025-05-03 16:00:00,900503.787428453,-0.09949621257154702
2025-05-03 20:00:00,895731.2828230864,-0.10426871717691363
2025-05-04 00:00:00,895108.0916383214,-0.1048919083616786
2025-05-04 04:00:00,896012.5130279055,-0.10398748697209452
2025-05-04 08:00:00,896013.4473475228,-0.10398655265247717
2025-05-04 12:00:00,896013.4473475228,-0.10398655265247717
2025-05-04 16:00:00,896013.4473475228,-0.10398655265247717
2025-05-04 20:00:00,896013.4473475228,-0.10398655265247717
2025-05-05 00:00:00,896013.4473475228,-0.10398655265247717
2025-05-05 04:00:00,896013.4473475228,-0.10398655265247717
2025-05-05 08:00:00,896013.4473475228,-0.10398655265247717
2025-05-05 12:00:00,896013.4473475228,-0.10398655265247717
2025-05-05 16:00:00,896013.4473475228,-0.10398655265247717
2025-05-05 20:00:00,896013.4473475228,-0.10398655265247717
2025-05-06 00:00:00,896013.4473475228,-0.10398655265247717
2025-05-06 04:00:00,896013.4473475228,-0.10398655265247717
2025-05-06 08:00:00,896013.4473475228,-0.10398655265247717
2025-05-06 12:00:00,896013.4473475228,-0.10398655265247717
2025-05-06 16:00:00,896013.4473475228,-0.10398655265247717
2025-05-06 20:00:00,896013.4473475228,-0.10398655265247717
2025-05-07 00:00:00,896013.4473475228,-0.10398655265247717
2025-05-07 04:00:00,896013.4473475228,-0.10398655265247717
2025-05-07 08:00:00,896013.4473475228,-0.10398655265247717
2025-05-07 12:00:00,896013.4473475228,-0.10398655265247717
2025-05-07 16:00:00,896013.4473475228,-0.10398655265247717
2025-05-07 20:00:00,896013.4473475228,-0.10398655265247717
2025-05-08 00:00:00,896013.4473475228,-0.10398655265247717
2025-05-08 04:00:00,896658.6334156223,-0.10334136658437772
2025-05-08 08:00:00,898524.6127302238,-0.1014753872697762
2025-05-08 12:00:00,910842.7870724268,-0.08915721292757324
2025-05-08 16:00:00,914916.314796506,-0.08508368520349403
2025-05-08 20:00:00,932790.8604730843,-0.06720913952691573
2025-05-09 00:00:00,925055.8566314428,-0.07494414336855722
2025-05-09 04:00:00,937324.3317667191,-0.06267566823328088
2025-05-09 08:00:00,930520.0585275182,-0.06947994147248182
2025-05-09 12:00:00,929480.8932917836,-0.07051910670821636
2025-05-09 16:00:00,932356.2183179639,-0.06764378168203612
2025-05-09 20:00:00,930521.8657714064,-0.06947813422859356
2025-05-10 00:00:00,932537.8463287315,-0.0674621536712685
2025-05-10 04:00:00,937850.2397381952,-0.0621497602618048
2025-05-10 08:00:00,934623.4057757534,-0.06537659422424656
2025-05-10 12:00:00,932419.471854052,-0.06758052814594796
2025-05-10 16:00:00,932583.9310478815,-0.06741606895211852
2025-05-10 20:00:00,946995.7974346032,-0.053004202565396785
2025-05-11 00:00:00,940279.1755239817,-0.059720824476018314
2025-05-11 04:00:00,934363.1626558477,-0.06563683734415227
2025-05-11 08:00:00,945866.270004457,-0.05413372999554302
2025-05-11 12:00:00,941501.776014372,-0.05849822398562799
2025-05-11 16:00:00,943409.321938403,-0.05659067806159705
2025-05-11 20:00:00,940842.1319951665,-0.05915786800483346
2025-05-12 00:00:00,940571.9490338756,-0.0594280509661244
2025-05-12 04:00:00,943923.4828246055,-0.05607651717539446
2025-05-12 08:00:00,937002.6423546135,-0.06299735764538648
2025-05-12 12:00:00,926067.0095869097,-0.07393299041309033
2025-05-12 16:00:00,919885.3318672054,-0.08011466813279455
2025-05-12 20:00:00,929149.2640382927,-0.07085073596170731
2025-05-13 00:00:00,919269.0617013177,-0.08073093829868233
2025-05-13 04:00:00,927508.2865877763,-0.07249171341222373
2025-05-13 08:00:00,937051.4379395958,-0.06294856206040422
2025-05-13 12:00:00,936963.7866110165,-0.0630362133889835
2025-05-13 16:00:00,947374.4150291883,-0.05262558497081173
2025-05-13 20:00:00,941182.7974680987,-0.05881720253190131
2025-05-14 00:00:00,935906.5489363996,-0.06409345106360037
2025-05-14 04:00:00,937525.8394602572,-0.06247416053974279
2025-05-14 08:00:00,939312.3000437765,-0.06068769995622349
2025-05-14 12:00:00,935298.4113680088,-0.06470158863199119
2025-05-14 16:00:00,933026.7058004988,-0.06697329419950117
2025-05-14 20:00:00,935754.7404497879,-0.06424525955021207
